"KEY","WELL","ITER","CLASS","p_trend","AIC","BIC","LAG"
"17-D__ITER1","17-D","1","Trend_Summary",NA,NA,NA,NA
"17-D__ITER2","17-D","2","Trend_Summary",NA,NA,NA,NA
"17-D__ITER3","17-D","3","Trend_Summary",NA,NA,NA,NA
"18-S__ITER1","18-S","1","Trend_Summary",NA,NA,NA,NA
"19-M__ITER1","19-M","1","Trend_Summary",NA,NA,NA,NA
"199-D1-1__ITER1","199-D1-1","1","Trend_Summary","0.00559263733134219","INTERP + EVENT","INTERP + EVENT","21"
"199-D11-1__ITER1","199-D11-1","1","Trend_Summary",NA,NA,NA,NA
"199-D11-2__ITER1","199-D11-2","1","Trend_Summary",NA,NA,NA,NA
"199-D11-3__ITER1","199-D11-3","1","Trend_Summary",NA,NA,NA,NA
"199-D2-10__ITER1","199-D2-10","1","Trend_Summary","0.062295532607093","INTERP + EVENT","INTERP + EVENT","28"
"199-D2-11__ITER1","199-D2-11","1","Trend_Summary","0.885103047635319","INTERP + EVENT","INTERP + EVENT","58"
"199-D2-11__ITER2","199-D2-11","2","Trend_Summary","1.72143012067139e-08","INTERP + EVENT","INTERP + EVENT","58"
"199-D2-11__ITER3","199-D2-11","3","Trend_Summary",NA,NA,NA,"58"
"199-D2-12__ITER1","199-D2-12","1","Trend_Summary",NA,NA,NA,NA
"199-D2-12__ITER2","199-D2-12","2","Trend_Summary","0.223404644078907","INTERP + EVENT","INTERP + EVENT","52"
"199-D2-14__ITER1","199-D2-14","1","Trend_Summary","0.00816999757123005","INTERP + EVENT","INTERP + EVENT","48"
"199-D3-2__ITER1","199-D3-2","1","Trend_Summary","7.16855927729299e-07","INTERP + EVENT","INTERP + EVENT","7"
"199-D3-2__ITER2","199-D3-2","2","Trend_Summary","0.00242929675534165","INTERP + EVENT","INTERP + EVENT","7"
"199-D3-5__ITER1","199-D3-5","1","Trend_Summary","0.0193253507261356","INTERP + EVENT","INTERP + EVENT","15"
"199-D3-7__ITER1","199-D3-7","1","Trend_Summary",NA,NA,NA,NA
"199-D4-1__ITER1","199-D4-1","1","Trend_Summary","0.00140757860450214","INTERP + EVENT","INTERP + EVENT","4"
"199-D4-1__ITER2","199-D4-1","2","Trend_Summary","0.00126379094688545","INTERP + EVENT","INTERP + EVENT","4"
"199-D4-101__ITER1","199-D4-101","1","Trend_Summary","0","INTERP + EVENT","INTERP + EVENT","32"
"199-D4-102__ITER1","199-D4-102","1","Trend_Summary","8.34501180602132e-07","INTERP + EVENT","INTERP + EVENT","22"
"199-D4-102__ITER2","199-D4-102","2","Trend_Summary","0.0931975558736839","INTERP + EVENT","INTERP + EVENT","22"
"199-D4-103__ITER1","199-D4-103","1","Trend_Summary","0.135580470242915","INTERP + EVENT","INTERP + EVENT","55"
"199-D4-13__ITER1","199-D4-13","1","Trend_Summary",NA,NA,NA,NA
"199-D4-13__ITER2","199-D4-13","2","Trend_Summary",NA,NA,NA,NA
"199-D4-14__ITER1","199-D4-14","1","Trend_Summary","0.269039949507689","INTERP + EVENT","INTERP + EVENT","21"
"199-D4-14__ITER2","199-D4-14","2","Trend_Summary","2.23796676949162e-05","INTERP + EVENT","INTERP + EVENT","21"
"199-D4-19__ITER1","199-D4-19","1","Trend_Summary",NA,NA,NA,NA
"199-D4-19__ITER2","199-D4-19","2","Trend_Summary","4.98758446958458e-05","INTERP + EVENT","INTERP + EVENT","11"
"199-D4-22__ITER1","199-D4-22","1","Trend_Summary","0.0924775760467332","INTERP + EVENT","INTERP + EVENT","21"
"199-D4-22__ITER2","199-D4-22","2","Trend_Summary","7.45240785748891e-08","INTERP + EVENT","INTERP + EVENT","21"
"199-D4-23__ITER1","199-D4-23","1","Trend_Summary","0.513506743813254","INTERP + EVENT","INTERP + EVENT","1"
"199-D4-23__ITER2","199-D4-23","2","Trend_Summary",NA,NA,NA,NA
"199-D4-27__ITER1","199-D4-27","1","Trend_Summary","2.30847921369737e-05","INTERP + EVENT","INTERP + EVENT","27"
"199-D4-27__ITER2","199-D4-27","2","Trend_Summary","0.254333606129071","INTERP + EVENT","INTERP + EVENT","27"
"199-D4-31__ITER1","199-D4-31","1","Trend_Summary","0.000580916004143561","INTERP + EVENT","INTERP + EVENT","20"
"199-D4-31__ITER2","199-D4-31","2","Trend_Summary","0.748506218521843","INTERP + EVENT","INTERP + EVENT","20"
"199-D4-34__ITER1","199-D4-34","1","Trend_Summary","8.19251483800132e-05","INTERP + EVENT","INTERP + EVENT","2"
"199-D4-34__ITER2","199-D4-34","2","Trend_Summary","1.78990156030068e-12","INTERP + EVENT","INTERP + EVENT","10"
"199-D4-38__ITER1","199-D4-38","1","Trend_Summary","0.875361169352476","INTERP + EVENT","INTERP + EVENT","1"
"199-D4-38__ITER2","199-D4-38","2","Trend_Summary","2.37365682664858e-13","INTERP + EVENT","INTERP + EVENT","1"
"199-D4-39__ITER1","199-D4-39","1","Trend_Summary","0.0125413687693539","INTERP + EVENT","INTERP + EVENT","23"
"199-D4-39__ITER2","199-D4-39","2","Trend_Summary","9.07052211118753e-13","INTERP + EVENT","INTERP + EVENT","23"
"199-D4-48__ITER1","199-D4-48","1","Trend_Summary","0.00198192797874319","INTERP + EVENT","INTERP + EVENT","6"
"199-D4-48__ITER2","199-D4-48","2","Trend_Summary","0.0503752153576532","INTERP + EVENT","INTERP + EVENT","6"
"199-D4-50__ITER1","199-D4-50","1","Trend_Summary","0.00100649915724504","INTERP + EVENT","INTERP + EVENT","29"
"199-D4-50__ITER2","199-D4-50","2","Trend_Summary",NA,NA,NA,NA
"199-D4-56__ITER1","199-D4-56","1","Trend_Summary","0.00337715615146694","INTERP + EVENT","INTERP + EVENT","28"
"199-D4-56__ITER2","199-D4-56","2","Trend_Summary",NA,NA,NA,NA
"199-D4-60__ITER1","199-D4-60","1","Trend_Summary","0.0113305277523752","INTERP + EVENT","INTERP + EVENT","84"
"199-D4-60__ITER2","199-D4-60","2","Trend_Summary",NA,NA,NA,NA
"199-D4-68__ITER1","199-D4-68","1","Trend_Summary",NA,NA,NA,NA
"199-D4-68__ITER2","199-D4-68","2","Trend_Summary",NA,NA,NA,NA
"199-D4-78__ITER1","199-D4-78","1","Trend_Summary","0.665551754269426","INTERP + EVENT","INTERP + EVENT","7"
"199-D4-78__ITER2","199-D4-78","2","Trend_Summary","0.00292675392294806","INTERP + EVENT","INTERP + EVENT","7"
"199-D4-83__ITER1","199-D4-83","1","Trend_Summary","0.0928118302216163","INTERP + EVENT","INTERP + EVENT","17"
"199-D4-83__ITER2","199-D4-83","2","Trend_Summary","6.30758580921764e-08","INTERP + EVENT","INTERP + EVENT","17"
"199-D4-84__ITER1","199-D4-84","1","Trend_Summary","0.0116822100761729","INTERP + EVENT","INTERP + EVENT","2"
"199-D4-84__ITER2","199-D4-84","2","Trend_Summary","3.66373598126302e-15","INTERP + EVENT","INTERP + EVENT","2"
"199-D4-84__ITER3","199-D4-84","3","Trend_Summary","0.00186676183926893","INTERP + EVENT","INTERP + EVENT","2"
"199-D4-85__ITER1","199-D4-85","1","Trend_Summary","0.107651407720469","INTERP + EVENT","INTERP + EVENT","8"
"199-D4-85__ITER2","199-D4-85","2","Trend_Summary","0.0865682851662133","INTERP + EVENT","INTERP + EVENT","8"
"199-D4-86__ITER1","199-D4-86","1","Trend_Summary","0.0701478847354855","INTERP + EVENT","INTERP + EVENT","8"
"199-D4-86__ITER2","199-D4-86","2","Trend_Summary","8.43889380524043e-05","INTERP + EVENT","INTERP + EVENT","8"
"199-D4-95__ITER1","199-D4-95","1","Trend_Summary","0","INTERP + EVENT","INTERP + EVENT","37"
"199-D4-95__ITER2","199-D4-95","2","Trend_Summary","0.00679619721709213","INTERP + EVENT","INTERP + EVENT","8"
"199-D4-95__ITER3","199-D4-95","3","Trend_Summary","7.59010856343778e-05","INTERP + EVENT","INTERP + EVENT","57"
"199-D4-96__ITER1","199-D4-96","1","Trend_Summary","0","INTERP + EVENT","INTERP + EVENT","15"
"199-D4-96__ITER2","199-D4-96","2","Trend_Summary","0.0551209559864532","INTERP + EVENT","INTERP + EVENT","10"
"199-D4-97__ITER1","199-D4-97","1","Trend_Summary","0","INTERP + EVENT","INTERP + EVENT","64"
"199-D4-97__ITER2","199-D4-97","2","Trend_Summary","0.113208949339839","INTERP + EVENT","INTERP + EVENT","48"
"199-D4-98__ITER1","199-D4-98","1","Trend_Summary","3.70814490224802e-14","INTERP + EVENT","INTERP + EVENT","1"
"199-D4-99__ITER1","199-D4-99","1","Trend_Summary","0.00382923684906089","INTERP + EVENT","INTERP + EVENT","50"
"199-D5-101__ITER1","199-D5-101","1","Trend_Summary","0","INTERP + EVENT","INTERP + EVENT","63"
"199-D5-101__ITER2","199-D5-101","2","Trend_Summary","0.0488766075719911","INTERP + EVENT","INTERP + EVENT","4"
"199-D5-103__ITER1","199-D5-103","1","Trend_Summary","0.0439772944833818","INTERP + EVENT","INTERP + EVENT","66"
"199-D5-103__ITER2","199-D5-103","2","Trend_Summary","9.61258850296076e-11","INTERP + EVENT","INTERP + EVENT","66"
"199-D5-103__ITER3","199-D5-103","3","Trend_Summary","2.22044604925031e-15","INTERP + EVENT","INTERP + EVENT","66"
"199-D5-103__ITER4","199-D5-103","4","Trend_Summary","2.86687562578436e-10","INTERP + EVENT","INTERP + EVENT","66"
"199-D5-104__ITER1","199-D5-104","1","Trend_Summary","0.490697196523243","INTERP + EVENT","INTERP + EVENT","44"
"199-D5-104__ITER2","199-D5-104","2","Trend_Summary","0","INTERP + EVENT","INTERP + EVENT","44"
"199-D5-106__ITER1","199-D5-106","1","Trend_Summary","1.30109151341706e-07","INTERP + EVENT","INTERP + EVENT","55"
"199-D5-123__ITER1","199-D5-123","1","Trend_Summary","0.268458212589203","EVENT","EVENT","0"
"199-D5-123__ITER2","199-D5-123","2","Trend_Summary","3.66373598126302e-15","EVENT","EVENT","0"
"199-D5-125__ITER1","199-D5-125","1","Trend_Summary","0.00677303430966314","INTERP + EVENT","INTERP + EVENT","47"
"199-D5-125__ITER2","199-D5-125","2","Trend_Summary","0","INTERP + EVENT","INTERP + EVENT","47"
"199-D5-127__ITER1","199-D5-127","1","Trend_Summary","0","INTERP + EVENT","INTERP + EVENT","90"
"199-D5-127__ITER2","199-D5-127","2","Trend_Summary","0.311126129131636","INTERP + EVENT","INTERP + EVENT","77"
"199-D5-130__ITER1","199-D5-130","1","Trend_Summary","0","INTERP + EVENT","INTERP + EVENT","3"
"199-D5-130__ITER2","199-D5-130","2","Trend_Summary","0.0160057179235868","INTERP + EVENT","INTERP + EVENT","44"
"199-D5-131__ITER1","199-D5-131","1","Trend_Summary","0","INTERP + EVENT","INTERP + EVENT","2"
"199-D5-131__ITER2","199-D5-131","2","Trend_Summary","0.00584238135975079","INTERP + EVENT","INTERP + EVENT","27"
"199-D5-133__ITER1","199-D5-133","1","Trend_Summary","3.15779624671109e-11","EVENT","EVENT","0"
"199-D5-133__ITER2","199-D5-133","2","Trend_Summary","0.0073402017922406","EVENT","EVENT","0"
"199-D5-134__ITER1","199-D5-134","1","Trend_Summary",NA,NA,NA,NA
"199-D5-14__ITER1","199-D5-14","1","Trend_Summary","0","INTERP + EVENT","INTERP + EVENT","55"
"199-D5-14__ITER2","199-D5-14","2","Trend_Summary","0.968478577991914","INTERP + EVENT","INTERP + EVENT","55"
"199-D5-141__ITER1","199-D5-141","1","Trend_Summary",NA,NA,NA,NA
"199-D5-142__ITER1","199-D5-142","1","Trend_Summary","7.18931195686778e-08","INTERP + EVENT","INTERP + EVENT","54"
"199-D5-143__ITER1","199-D5-143","1","Trend_Summary","2.28450591777118e-12","INTERP + EVENT","INTERP + EVENT","77"
"199-D5-145__ITER1","199-D5-145","1","Trend_Summary","0","INTERP + EVENT","INTERP + EVENT","36"
"199-D5-146__ITER1","199-D5-146","1","Trend_Summary","3.15075746160076e-07","INTERP + EVENT","INTERP + EVENT","16"
"199-D5-146__ITER2","199-D5-146","2","Trend_Summary","0.486924361512689","INTERP + EVENT","INTERP + EVENT","16"
"199-D5-146__ITER3","199-D5-146","3","Trend_Summary","0.207302494850513","INTERP + EVENT","INTERP + EVENT","16"
"199-D5-149__ITER1","199-D5-149","1","Trend_Summary","0.0394491251130785","INTERP + EVENT","INTERP + EVENT","31"
"199-D5-149__ITER2","199-D5-149","2","Trend_Summary","0.703646708543205","INTERP + EVENT","INTERP + EVENT","31"
"199-D5-15__ITER1","199-D5-15","1","Trend_Summary","0.0316207183884131","INTERP + EVENT","INTERP + EVENT","42"
"199-D5-15__ITER2","199-D5-15","2","Trend_Summary","1.14615339441571e-09","INTERP + EVENT","INTERP + EVENT","42"
"199-D5-150__ITER1","199-D5-150","1","Trend_Summary","1.07365616675015e-06","INTERP + EVENT","INTERP + EVENT","44"
"199-D5-151__ITER1","199-D5-151","1","Trend_Summary","0.0112162612689271","INTERP + EVENT","INTERP + EVENT","66"
"199-D5-151__ITER2","199-D5-151","2","Trend_Summary","0.537057823207918","INTERP + EVENT","INTERP + EVENT","66"
"199-D5-152__ITER1","199-D5-152","1","Trend_Summary","0.002370926659648","INTERP + EVENT","INTERP + EVENT","69"
"199-D5-153__ITER1","199-D5-153","1","Trend_Summary",NA,NA,NA,NA
"199-D5-153__ITER2","199-D5-153","2","Trend_Summary","0","INTERP + EVENT","INTERP + EVENT","25"
"199-D5-154__ITER1","199-D5-154","1","Trend_Summary","0","INTERP + EVENT","INTERP + EVENT","20"
"199-D5-159__ITER1","199-D5-159","1","Trend_Summary","0","INTERP + EVENT","INTERP + EVENT","18"
"199-D5-16__ITER1","199-D5-16","1","Trend_Summary","0.0889039622333243","INTERP + EVENT","INTERP + EVENT","64"
"199-D5-16__ITER2","199-D5-16","2","Trend_Summary","2.1785842019284e-09","INTERP + EVENT","INTERP + EVENT","64"
"199-D5-160__ITER1","199-D5-160","1","Trend_Summary","1.05617400620872e-05","INTERP + EVENT","INTERP + EVENT","56"
"199-D5-162__ITER1","199-D5-162","1","Trend_Summary",NA,NA,NA,NA
"199-D5-163__ITER1","199-D5-163","1","Trend_Summary",NA,NA,NA,NA
"199-D5-17__ITER1","199-D5-17","1","Trend_Summary",NA,NA,NA,NA
"199-D5-17__ITER2","199-D5-17","2","Trend_Summary","0.00196753363093649","INTERP + EVENT","INTERP + EVENT","63"
"199-D5-32__ITER1","199-D5-32","1","Trend_Summary","0","INTERP + EVENT","INTERP + EVENT","39"
"199-D5-32__ITER2","199-D5-32","2","Trend_Summary","0","INTERP + EVENT","INTERP + EVENT","14"
"199-D5-33__ITER1","199-D5-33","1","Trend_Summary",NA,NA,NA,NA
"199-D5-33__ITER2","199-D5-33","2","Trend_Summary","0.00197745094132873","INTERP + EVENT","INTERP + EVENT","25"
"199-D5-34__ITER1","199-D5-34","1","Trend_Summary","0.000153700590312278","INTERP + EVENT","INTERP + EVENT","47"
"199-D5-34__ITER2","199-D5-34","2","Trend_Summary","1.11181233986013e-06","INTERP + EVENT","INTERP + EVENT","47"
"199-D5-34__ITER3","199-D5-34","3","Trend_Summary","0","INTERP + EVENT","INTERP + EVENT","47"
"199-D5-34__ITER4","199-D5-34","4","Trend_Summary","0.049859101681036","INTERP + EVENT","INTERP + EVENT","47"
"199-D5-36__ITER1","199-D5-36","1","Trend_Summary","0.753884885378197","INTERP + EVENT","INTERP + EVENT","16"
"199-D5-36__ITER2","199-D5-36","2","Trend_Summary","0.00942797306796506","INTERP + EVENT","INTERP + EVENT","16"
"199-D5-37__ITER1","199-D5-37","1","Trend_Summary","0.977119494818558","INTERP + EVENT","INTERP + EVENT","9"
"199-D5-37__ITER2","199-D5-37","2","Trend_Summary","0.0579356412047508","INTERP + EVENT","INTERP + EVENT","9"
"199-D5-38__ITER1","199-D5-38","1","Trend_Summary","1.04293337288563e-06","INTERP + EVENT","INTERP + EVENT","39"
"199-D5-38__ITER2","199-D5-38","2","Trend_Summary","0.00567936474687425","INTERP + EVENT","INTERP + EVENT","39"
"199-D5-39__ITER1","199-D5-39","1","Trend_Summary","0","INTERP + EVENT","INTERP + EVENT","32"
"199-D5-39__ITER2","199-D5-39","2","Trend_Summary",NA,NA,NA,"68"
"199-D5-39__ITER3","199-D5-39","3","Trend_Summary","0","INTERP + EVENT","INTERP + EVENT","62"
"199-D5-39__ITER4","199-D5-39","4","Trend_Summary","0.107215431913857","INTERP + EVENT","INTERP + EVENT","1"
"199-D5-41__ITER1","199-D5-41","1","Trend_Summary","0.0509529779072899","INTERP + EVENT","INTERP + EVENT","23"
"199-D5-41__ITER2","199-D5-41","2","Trend_Summary","0.000819061241058905","INTERP + EVENT","INTERP + EVENT","23"
"199-D5-42__ITER1","199-D5-42","1","Trend_Summary",NA,NA,NA,NA
"199-D5-43__ITER1","199-D5-43","1","Trend_Summary","0.000183575821506188","INTERP + EVENT","INTERP + EVENT","48"
"199-D5-43__ITER2","199-D5-43","2","Trend_Summary","4.20382617605242e-11","INTERP + EVENT","INTERP + EVENT","48"
"199-D5-44__ITER1","199-D5-44","1","Trend_Summary","0.00374541037066023","INTERP + EVENT","INTERP + EVENT","2"
"199-D5-44__ITER2","199-D5-44","2","Trend_Summary","2.33561140632332e-05","INTERP + EVENT","INTERP + EVENT","2"
"199-D5-92__ITER1","199-D5-92","1","Trend_Summary","0","INTERP + EVENT","INTERP + EVENT","22"
"199-D5-92__ITER2","199-D5-92","2","Trend_Summary",NA,NA,NA,"38"
"199-D5-92__ITER3","199-D5-92","3","Trend_Summary","0","INTERP + EVENT","INTERP + EVENT","9"
"199-D5-97__ITER1","199-D5-97","1","Trend_Summary","0.0400513626835511","INTERP + EVENT","INTERP + EVENT","61"
"199-D5-97__ITER2","199-D5-97","2","Trend_Summary","0","INTERP + EVENT","INTERP + EVENT","61"
"199-D7-3__ITER1","199-D7-3","1","Trend_Summary","0","INTERP + EVENT","INTERP + EVENT","22"
"199-D7-3__ITER2","199-D7-3","2","Trend_Summary","0.143203758081613","INTERP + EVENT","INTERP + EVENT","19"
"199-D7-7__ITER1","199-D7-7","1","Trend_Summary","0.00227099527051566","EVENT","EVENT","0"
"199-D8-101__ITER1","199-D8-101","1","Trend_Summary","3.0339018852743e-08","INTERP + EVENT","INTERP + EVENT","8"
"199-D8-102__ITER1","199-D8-102","1","Trend_Summary","0.0204765238574894","INTERP + EVENT","INTERP + EVENT","41"
"199-D8-4__ITER1","199-D8-4","1","Trend_Summary",NA,NA,NA,NA
"199-D8-4__ITER2","199-D8-4","2","Trend_Summary","2.22044604925031e-16","INTERP + EVENT","INTERP + EVENT","7"
"199-D8-5__ITER1","199-D8-5","1","Trend_Summary","0.0530411359382622","INTERP + EVENT","INTERP + EVENT","7"
"199-D8-5__ITER2","199-D8-5","2","Trend_Summary","0.000111725016337383","INTERP + EVENT","INTERP + EVENT","7"
"199-D8-53__ITER1","199-D8-53","1","Trend_Summary","3.4995654707437e-08","INTERP + EVENT","INTERP + EVENT","1"
"199-D8-53__ITER2","199-D8-53","2","Trend_Summary","0.000143306937952503","INTERP + EVENT","INTERP + EVENT","1"
"199-D8-54A__ITER1","199-D8-54A","1","Trend_Summary","2.70444718986074e-06","INTERP + EVENT","INTERP + EVENT","1"
"199-D8-54A__ITER2","199-D8-54A","2","Trend_Summary","0.00211900367547424","INTERP + EVENT","INTERP + EVENT","1"
"199-D8-54B__ITER1","199-D8-54B","1","Trend_Summary",NA,NA,NA,NA
"199-D8-54B__ITER2","199-D8-54B","2","Trend_Summary","4.96279158807011e-05","EVENT","EVENT","0"
"199-D8-6__ITER1","199-D8-6","1","Trend_Summary","0.0348069812902491","INTERP + EVENT","INTERP + EVENT","12"
"199-D8-6__ITER2","199-D8-6","2","Trend_Summary","0","INTERP + EVENT","INTERP + EVENT","12"
"199-D8-69__ITER1","199-D8-69","1","Trend_Summary","0.0035246684720619","INTERP + EVENT","INTERP + EVENT","1"
"199-D8-69__ITER2","199-D8-69","2","Trend_Summary","1.21014309684142e-14","INTERP + EVENT","INTERP + EVENT","1"
"199-D8-70__ITER1","199-D8-70","1","Trend_Summary","0.0652842876859334","INTERP + EVENT","INTERP + EVENT","1"
"199-D8-70__ITER2","199-D8-70","2","Trend_Summary","7.45261031889211e-05","INTERP + EVENT","INTERP + EVENT","1"
"199-D8-70__ITER3","199-D8-70","3","Trend_Summary","5.24834362777282e-05","INTERP + EVENT","INTERP + EVENT","1"
"199-D8-71__ITER1","199-D8-71","1","Trend_Summary",NA,NA,NA,NA
"199-D8-71__ITER2","199-D8-71","2","Trend_Summary","1.54511200924912e-05","INTERP + EVENT","INTERP + EVENT","1"
"199-D8-72__ITER1","199-D8-72","1","Trend_Summary","3.00508924611087e-06","INTERP + EVENT","INTERP + EVENT","2"
"199-D8-72__ITER2","199-D8-72","2","Trend_Summary","7.67709317228693e-08","INTERP + EVENT","INTERP + EVENT","2"
"199-D8-73__ITER1","199-D8-73","1","Trend_Summary","0.000896524179776592","INTERP + EVENT","INTERP + EVENT","18"
"199-D8-73__ITER2","199-D8-73","2","Trend_Summary","1.11615716669178e-10","INTERP + EVENT","INTERP + EVENT","18"
"199-D8-73__ITER3","199-D8-73","3","Trend_Summary","0.559267990138708","INTERP + EVENT","INTERP + EVENT","18"
"199-D8-88__ITER1","199-D8-88","1","Trend_Summary","0.0188602999332472","INTERP + EVENT","INTERP + EVENT","8"
"199-D8-88__ITER2","199-D8-88","2","Trend_Summary","0","INTERP + EVENT","INTERP + EVENT","8"
"199-D8-88__ITER3","199-D8-88","3","Trend_Summary","0.600704410993758","INTERP + EVENT","INTERP + EVENT","8"
"199-D8-89__ITER1","199-D8-89","1","Trend_Summary","0","INTERP + EVENT","INTERP + EVENT","10"
"199-D8-90__ITER1","199-D8-90","1","Trend_Summary","3.33066907387547e-16","INTERP + EVENT","INTERP + EVENT","70"
"199-D8-90__ITER2","199-D8-90","2","Trend_Summary","0.0761280167298672","INTERP + EVENT","INTERP + EVENT","66"
"199-D8-91__ITER1","199-D8-91","1","Trend_Summary","0","INTERP + EVENT","INTERP + EVENT","2"
"199-D8-91__ITER2","199-D8-91","2","Trend_Summary","0.192376260275713","INTERP + EVENT","INTERP + EVENT","2"
"199-D8-93__ITER1","199-D8-93","1","Trend_Summary","0.0608789564042709","INTERP + EVENT","INTERP + EVENT","1"
"199-D8-94__ITER1","199-D8-94","1","Trend_Summary","0.00726273315034076","INTERP + EVENT","INTERP + EVENT","1"
"199-D8-95__ITER1","199-D8-95","1","Trend_Summary","0","INTERP + EVENT","INTERP + EVENT","19"
"199-D8-96__ITER1","199-D8-96","1","Trend_Summary","0","INTERP + EVENT","INTERP + EVENT","18"
"199-D8-97__ITER1","199-D8-97","1","Trend_Summary","0","INTERP + EVENT","INTERP + EVENT","11"
"199-D8-98__ITER1","199-D8-98","1","Trend_Summary","0","INTERP + EVENT","INTERP + EVENT","19"
"199-D8-99__ITER1","199-D8-99","1","Trend_Summary","5.10347604977257e-05","INTERP + EVENT","INTERP + EVENT","28"
"199-H1-1__ITER1","199-H1-1","1","Trend_Summary",NA,NA,NA,NA
"199-H1-1__ITER2","199-H1-1","2","Trend_Summary","0","INTERP + EVENT","INTERP + EVENT","34"
"199-H1-2__ITER1","199-H1-2","1","Trend_Summary",NA,NA,NA,NA
"199-H1-2__ITER2","199-H1-2","2","Trend_Summary","0","INTERP + EVENT","INTERP + EVENT","30"
"199-H1-35__ITER1","199-H1-35","1","Trend_Summary",NA,NA,NA,NA
"199-H1-35__ITER2","199-H1-35","2","Trend_Summary","2.99760216648792e-15","INTERP + EVENT","INTERP + EVENT","8"
"199-H1-36__ITER1","199-H1-36","1","Trend_Summary",NA,NA,NA,NA
"199-H1-36__ITER2","199-H1-36","2","Trend_Summary","0","INTERP + EVENT","INTERP + EVENT","33"
"199-H1-37__ITER1","199-H1-37","1","Trend_Summary",NA,NA,NA,NA
"199-H1-37__ITER2","199-H1-37","2","Trend_Summary","9.19301301749442e-11","INTERP + EVENT","INTERP + EVENT","4"
"199-H1-38__ITER1","199-H1-38","1","Trend_Summary",NA,NA,NA,NA
"199-H1-38__ITER2","199-H1-38","2","Trend_Summary","5.24025267623074e-14","INTERP + EVENT","INTERP + EVENT","25"
"199-H1-4__ITER1","199-H1-4","1","Trend_Summary",NA,NA,NA,NA
"199-H1-4__ITER2","199-H1-4","2","Trend_Summary","0","INTERP + EVENT","INTERP + EVENT","59"
"199-H1-40__ITER1","199-H1-40","1","Trend_Summary",NA,NA,NA,NA
"199-H1-40__ITER2","199-H1-40","2","Trend_Summary","3.27051393558264e-05","INTERP + EVENT","INTERP + EVENT","6"
"199-H1-42__ITER1","199-H1-42","1","Trend_Summary",NA,NA,NA,NA
"199-H1-42__ITER2","199-H1-42","2","Trend_Summary","0","INTERP + EVENT","INTERP + EVENT","14"
"199-H1-43__ITER1","199-H1-43","1","Trend_Summary",NA,NA,NA,NA
"199-H1-43__ITER2","199-H1-43","2","Trend_Summary","0","INTERP + EVENT","INTERP + EVENT","8"
"199-H1-45__ITER1","199-H1-45","1","Trend_Summary",NA,NA,NA,NA
"199-H1-45__ITER2","199-H1-45","2","Trend_Summary","3.41893520627856e-06","INTERP + EVENT","INTERP + EVENT","43"
"199-H1-45__ITER3","199-H1-45","3","Trend_Summary","0","INTERP + EVENT","INTERP + EVENT","21"
"199-H1-46__ITER1","199-H1-46","1","Trend_Summary","0","INTERP + EVENT","INTERP + EVENT","10"
"199-H1-47__ITER1","199-H1-47","1","Trend_Summary","0.000100644523977733","INTERP + EVENT","INTERP + EVENT","83"
"199-H1-48__ITER1","199-H1-48","1","Trend_Summary","1.23498667958799e-08","INTERP + EVENT","INTERP + EVENT","24"
"199-H1-49__ITER1","199-H1-49","1","Trend_Summary","0.000120578610126265","INTERP + EVENT","INTERP + EVENT","0"
"199-H1-50__ITER1","199-H1-50","1","Trend_Summary","0.167731964796282","EVENT","EVENT","0"
"199-H1-51__ITER1","199-H1-51","1","Trend_Summary","0.0245928754050471","INTERP + EVENT","INTERP + EVENT","88"
"199-H1-7__ITER1","199-H1-7","1","Trend_Summary",NA,NA,NA,NA
"199-H1-7__ITER2","199-H1-7","2","Trend_Summary","0.162986640695455","INTERP + EVENT","INTERP + EVENT","6"
"199-H2-1__ITER1","199-H2-1","1","Trend_Summary","2.26259876834334e-06","EVENT","EVENT","0"
"199-H2-1__ITER2","199-H2-1","2","Trend_Summary","1.40801076353725e-08","EVENT","EVENT","0"
"199-H3-10__ITER1","199-H3-10","1","Trend_Summary","0.103672100624709","EVENT","EVENT","0"
"199-H3-11__ITER1","199-H3-11","1","Trend_Summary","0.0211386558636976","INTERP + EVENT","INTERP + EVENT","80"
"199-H3-12__ITER1","199-H3-12","1","Trend_Summary","5.24269516688491e-11","EVENT","EVENT","0"
"199-H3-13__ITER1","199-H3-13","1","Trend_Summary","0.000280499483115038","EVENT","EVENT","0"
"199-H3-15__ITER1","199-H3-15","1","Trend_Summary","0.0662009473709098","EVENT","EVENT","0"
"199-H3-21__ITER1","199-H3-21","1","Trend_Summary","5.10875506898323e-07","INTERP + EVENT","INTERP + EVENT","8"
"199-H3-22__ITER1","199-H3-22","1","Trend_Summary","0","EVENT","EVENT","0"
"199-H3-25__ITER1","199-H3-25","1","Trend_Summary",NA,NA,NA,NA
"199-H3-25__ITER2","199-H3-25","2","Trend_Summary","0.016653455913519","INTERP + EVENT","INTERP + EVENT","29"
"199-H3-26__ITER1","199-H3-26","1","Trend_Summary","0.00597073732855102","INTERP + EVENT","INTERP + EVENT","43"
"199-H3-28__ITER1","199-H3-28","1","Trend_Summary","1.33226762955019e-15","EVENT","EVENT","0"
"199-H3-29__ITER1","199-H3-29","1","Trend_Summary","0","EVENT","EVENT","0"
"199-H3-2A__ITER1","199-H3-2A","1","Trend_Summary","0.741517801788844","INTERP + EVENT","INTERP + EVENT","9"
"199-H3-2A__ITER2","199-H3-2A","2","Trend_Summary",NA,NA,NA,NA
"199-H3-2C__ITER1","199-H3-2C","1","Trend_Summary","0.447884672815899","EVENT","EVENT","0"
"199-H3-2C__ITER2","199-H3-2C","2","Trend_Summary","0","EVENT","EVENT","0"
"199-H3-3__ITER1","199-H3-3","1","Trend_Summary","0.000414605674775359","INTERP + EVENT","INTERP + EVENT","83"
"199-H3-3__ITER2","199-H3-3","2","Trend_Summary","2.5140690467218e-06","INTERP + EVENT","INTERP + EVENT","83"
"199-H3-30__ITER1","199-H3-30","1","Trend_Summary","0.753398479699694","EVENT","EVENT","0"
"199-H3-31__ITER1","199-H3-31","1","Trend_Summary","0.809098966450576","EVENT","EVENT","0"
"199-H3-32__ITER1","199-H3-32","1","Trend_Summary",NA,NA,NA,NA
"199-H3-32__ITER2","199-H3-32","2","Trend_Summary","0.974354123127728","EVENT","EVENT","0"
"199-H3-33__ITER1","199-H3-33","1","Trend_Summary","0","EVENT","EVENT","0"
"199-H3-34__ITER1","199-H3-34","1","Trend_Summary","0.230023726165689","EVENT","EVENT","0"
"199-H3-35__ITER1","199-H3-35","1","Trend_Summary","0.0324183719625205","EVENT","EVENT","0"
"199-H3-36__ITER1","199-H3-36","1","Trend_Summary","0.00230774931955691","EVENT","EVENT","0"
"199-H3-37__ITER1","199-H3-37","1","Trend_Summary","2.20750304888995e-05","EVENT","EVENT","0"
"199-H3-38__ITER1","199-H3-38","1","Trend_Summary","0.00636565519857146","EVENT","EVENT","0"
"199-H3-39__ITER1","199-H3-39","1","Trend_Summary","0.443725825034332","EVENT","EVENT","0"
"199-H3-5__ITER1","199-H3-5","1","Trend_Summary","0.0155425856137247","INTERP + EVENT","INTERP + EVENT","88"
"199-H3-5__ITER2","199-H3-5","2","Trend_Summary","0.00776121183523282","INTERP + EVENT","INTERP + EVENT","88"
"199-H3-5__ITER3","199-H3-5","3","Trend_Summary",NA,NA,NA,NA
"199-H3-5__ITER4","199-H3-5","4","Trend_Summary","0.313173845215531","INTERP + EVENT","INTERP + EVENT","88"
"199-H3-6__ITER1","199-H3-6","1","Trend_Summary","2.16795484031529e-06","INTERP + EVENT","INTERP + EVENT","3"
"199-H3-6__ITER2","199-H3-6","2","Trend_Summary","1.83777391687956e-05","INTERP + EVENT","INTERP + EVENT","3"
"199-H3-9__ITER1","199-H3-9","1","Trend_Summary","0","EVENT","EVENT","0"
"199-H3-9__ITER2","199-H3-9","2","Trend_Summary","0.829470809941854","EVENT","EVENT","0"
"199-H4-10__ITER1","199-H4-10","1","Trend_Summary","0.00524886323764939","INTERP + EVENT","INTERP + EVENT","1"
"199-H4-10__ITER2","199-H4-10","2","Trend_Summary",NA,NA,NA,NA
"199-H4-11__ITER1","199-H4-11","1","Trend_Summary","0.429832485361637","INTERP + EVENT","INTERP + EVENT","0"
"199-H4-11__ITER2","199-H4-11","2","Trend_Summary","0.00859831223279284","INTERP + EVENT","INTERP + EVENT","0"
"199-H4-12A__ITER1","199-H4-12A","1","Trend_Summary","0.000563146855272367","INTERP + EVENT","INTERP + EVENT","0"
"199-H4-12A__ITER2","199-H4-12A","2","Trend_Summary","8.34899750848939e-05","INTERP + EVENT","INTERP + EVENT","0"
"199-H4-12B__ITER1","199-H4-12B","1","Trend_Summary","0.0970660751419349","INTERP + EVENT","INTERP + EVENT","0"
"199-H4-12B__ITER2","199-H4-12B","2","Trend_Summary",NA,NA,NA,"0"
"199-H4-12C__ITER1","199-H4-12C","1","Trend_Summary","1.14613307733435e-09","EVENT","EVENT","0"
"199-H4-12C__ITER2","199-H4-12C","2","Trend_Summary","0","EVENT","EVENT","0"
"199-H4-13__ITER1","199-H4-13","1","Trend_Summary","0.00192374633326275","INTERP + EVENT","INTERP + EVENT","0"
"199-H4-15A__ITER1","199-H4-15A","1","Trend_Summary","0.0168847173864132","INTERP + EVENT","INTERP + EVENT","0"
"199-H4-15A__ITER2","199-H4-15A","2","Trend_Summary","0","INTERP + EVENT","INTERP + EVENT","0"
"199-H4-15CP__ITER1","199-H4-15CP","1","Trend_Summary",NA,NA,NA,NA
"199-H4-15CP__ITER2","199-H4-15CP","2","Trend_Summary",NA,NA,NA,NA
"199-H4-15CR__ITER1","199-H4-15CR","1","Trend_Summary","0.136564950603982","EVENT","EVENT","0"
"199-H4-15CR__ITER2","199-H4-15CR","2","Trend_Summary","0.681739774853575","EVENT","EVENT","0"
"199-H4-15CS__ITER1","199-H4-15CS","1","Trend_Summary","1.19337050862312e-05","EVENT","EVENT","0"
"199-H4-15CS__ITER2","199-H4-15CS","2","Trend_Summary",NA,NA,NA,NA
"199-H4-15CS__ITER3","199-H4-15CS","3","Trend_Summary","0.000187380230933787","EVENT","EVENT","0"
"199-H4-16__ITER1","199-H4-16","1","Trend_Summary","0.0996461172774432","INTERP + EVENT","INTERP + EVENT","20"
"199-H4-16__ITER2","199-H4-16","2","Trend_Summary",NA,NA,NA,NA
"199-H4-17__ITER1","199-H4-17","1","Trend_Summary",NA,NA,NA,NA
"199-H4-18__ITER1","199-H4-18","1","Trend_Summary",NA,NA,NA,NA
"199-H4-18__ITER2","199-H4-18","2","Trend_Summary",NA,NA,NA,NA
"199-H4-4__ITER1","199-H4-4","1","Trend_Summary","0.0202822313035688","INTERP + EVENT","INTERP + EVENT","0"
"199-H4-4__ITER2","199-H4-4","2","Trend_Summary","7.06810532324909e-09","INTERP + EVENT","INTERP + EVENT","0"
"199-H4-45__ITER1","199-H4-45","1","Trend_Summary","0.0167446047804005","INTERP + EVENT","INTERP + EVENT","24"
"199-H4-45__ITER2","199-H4-45","2","Trend_Summary","1.03336792771636e-05","INTERP + EVENT","INTERP + EVENT","24"
"199-H4-46__ITER1","199-H4-46","1","Trend_Summary","0.000694689110294244","INTERP + EVENT","INTERP + EVENT","37"
"199-H4-46__ITER2","199-H4-46","2","Trend_Summary",NA,NA,NA,NA
"199-H4-49__ITER1","199-H4-49","1","Trend_Summary",NA,NA,NA,NA
"199-H4-49__ITER2","199-H4-49","2","Trend_Summary","0.000166196149756215","INTERP + EVENT","INTERP + EVENT","44"
"199-H4-5__ITER1","199-H4-5","1","Trend_Summary","0.000205873597527106","INTERP + EVENT","INTERP + EVENT","2"
"199-H4-5__ITER2","199-H4-5","2","Trend_Summary","0.000191511176982906","INTERP + EVENT","INTERP + EVENT","2"
"199-H4-63__ITER1","199-H4-63","1","Trend_Summary","0.000105276389618103","INTERP + EVENT","INTERP + EVENT","0"
"199-H4-63__ITER2","199-H4-63","2","Trend_Summary","0","INTERP + EVENT","INTERP + EVENT","0"
"199-H4-64__ITER1","199-H4-64","1","Trend_Summary","0.0186181850543286","INTERP + EVENT","INTERP + EVENT","0"
"199-H4-64__ITER2","199-H4-64","2","Trend_Summary","0","INTERP + EVENT","INTERP + EVENT","0"
"199-H4-65__ITER1","199-H4-65","1","Trend_Summary","0.956744055829407","INTERP + EVENT","INTERP + EVENT","9"
"199-H4-65__ITER2","199-H4-65","2","Trend_Summary","0.381484587444787","INTERP + EVENT","INTERP + EVENT","9"
"199-H4-69__ITER1","199-H4-69","1","Trend_Summary","7.20580262125736e-11","INTERP + EVENT","INTERP + EVENT","15"
"199-H4-69__ITER2","199-H4-69","2","Trend_Summary","0.118583509336384","INTERP + EVENT","INTERP + EVENT","15"
"199-H4-70__ITER1","199-H4-70","1","Trend_Summary","0.320605556454321","INTERP + EVENT","INTERP + EVENT","83"
"199-H4-70__ITER2","199-H4-70","2","Trend_Summary","0.0514773681290329","INTERP + EVENT","INTERP + EVENT","5"
"199-H4-71__ITER1","199-H4-71","1","Trend_Summary",NA,NA,NA,NA
"199-H4-72__ITER1","199-H4-72","1","Trend_Summary",NA,NA,NA,NA
"199-H4-73__ITER1","199-H4-73","1","Trend_Summary",NA,NA,NA,NA
"199-H4-74__ITER1","199-H4-74","1","Trend_Summary","2.10711448289658e-11","INTERP + EVENT","INTERP + EVENT","85"
"199-H4-75__ITER1","199-H4-75","1","Trend_Summary","0","INTERP + EVENT","INTERP + EVENT","23"
"199-H4-76__ITER1","199-H4-76","1","Trend_Summary","0","INTERP + EVENT","INTERP + EVENT","90"
"199-H4-8__ITER1","199-H4-8","1","Trend_Summary","0.252882453996161","INTERP + EVENT","INTERP + EVENT","10"
"199-H4-8__ITER2","199-H4-8","2","Trend_Summary","0.859200401827737","INTERP + EVENT","INTERP + EVENT","10"
"199-H4-81__ITER1","199-H4-81","1","Trend_Summary","0","INTERP + EVENT","INTERP + EVENT","79"
"199-H4-83__ITER1","199-H4-83","1","Trend_Summary","0.614180043430414","INTERP + EVENT","INTERP + EVENT","2"
"199-H4-83__ITER2","199-H4-83","2","Trend_Summary",NA,NA,NA,NA
"199-H4-83__ITER3","199-H4-83","3","Trend_Summary","0.0374273624741005","INTERP + EVENT","INTERP + EVENT","2"
"199-H4-84__ITER1","199-H4-84","1","Trend_Summary","0.0156573561071368","INTERP + EVENT","INTERP + EVENT","11"
"199-H4-84__ITER2","199-H4-84","2","Trend_Summary","8.74901944558637e-07","INTERP + EVENT","INTERP + EVENT","11"
"199-H4-85__ITER1","199-H4-85","1","Trend_Summary","0.000627046528673625","INTERP + EVENT","INTERP + EVENT","3"
"199-H4-85__ITER2","199-H4-85","2","Trend_Summary","0.168254884910131","INTERP + EVENT","INTERP + EVENT","3"
"199-H4-86__ITER1","199-H4-86","1","Trend_Summary","4.26496502670126e-07","INTERP + EVENT","INTERP + EVENT","54"
"199-H4-87__ITER1","199-H4-87","1","Trend_Summary","0.092473037191067","INTERP + EVENT","INTERP + EVENT","55"
"199-H4-88__ITER1","199-H4-88","1","Trend_Summary","1.08097852070665e-05","INTERP + EVENT","INTERP + EVENT","11"
"199-H4-89__ITER1","199-H4-89","1","Trend_Summary","0.396351419167918","INTERP + EVENT","INTERP + EVENT","9"
"199-H4-90__ITER1","199-H4-90","1","Trend_Summary","0.00122568019443114","EVENT","EVENT","0"
"199-H4-91__ITER1","199-H4-91","1","Trend_Summary","1.13349919595995e-05","EVENT","EVENT","0"
"199-H4-92__ITER1","199-H4-92","1","Trend_Summary","4.43715958531321e-07","INTERP + EVENT","INTERP + EVENT","80"
"199-H4-93__ITER1","199-H4-93","1","Trend_Summary","0","INTERP + EVENT","INTERP + EVENT","86"
"199-H4-93__ITER2","199-H4-93","2","Trend_Summary","0.0179007981154612","INTERP + EVENT","INTERP + EVENT","17"
"199-H4-94__ITER1","199-H4-94","1","Trend_Summary",NA,NA,NA,NA
"199-H4-95__ITER1","199-H4-95","1","Trend_Summary",NA,NA,NA,NA
"199-H5-16__ITER1","199-H5-16","1","Trend_Summary","7.5091456131271e-05","INTERP + EVENT","INTERP + EVENT","31"
"199-H5-1A__ITER1","199-H5-1A","1","Trend_Summary","1.13362796825278e-05","INTERP + EVENT","INTERP + EVENT","62"
"199-H5-1A__ITER2","199-H5-1A","2","Trend_Summary","0.00605774138831705","INTERP + EVENT","INTERP + EVENT","62"
"199-H6-3__ITER1","199-H6-3","1","Trend_Summary","0.0210648118726399","INTERP + EVENT","INTERP + EVENT","34"
"199-H6-9__ITER1","199-H6-9","1","Trend_Summary","0.558081300280916","EVENT","EVENT","0"
"199-H7-1__ITER1","199-H7-1","1","Trend_Summary","0.00111822291142027","EVENT","EVENT","0"
"199-K-107A__ITER1","199-K-107A","1","Trend_Summary",NA,NA,NA,NA
"199-K-107A__ITER2","199-K-107A","2","Trend_Summary","0.000341898604838797","INTERP + EVENT","INTERP + EVENT","11"
"199-K-107A__ITER3","199-K-107A","3","Trend_Summary","0.00102116810807618","INTERP + EVENT","INTERP + EVENT","11"
"199-K-107A__ITER4","199-K-107A","4","Trend_Summary","0.163309025885504","INTERP + EVENT","INTERP + EVENT","11"
"199-K-108A__ITER1","199-K-108A","1","Trend_Summary","0.317737966641407","INTERP + EVENT","INTERP + EVENT","20"
"199-K-108A__ITER2","199-K-108A","2","Trend_Summary",NA,NA,NA,NA
"199-K-108A__ITER3","199-K-108A","3","Trend_Summary","0.0399025072832226","INTERP + EVENT","INTERP + EVENT","20"
"199-K-108A__ITER4","199-K-108A","4","Trend_Summary",NA,NA,NA,NA
"199-K-108A__ITER5","199-K-108A","5","Trend_Summary","0.000139268557688532","INTERP + EVENT","INTERP + EVENT","20"
"199-K-11__ITER1","199-K-11","1","Trend_Summary",NA,NA,NA,NA
"199-K-11__ITER2","199-K-11","2","Trend_Summary","0.00734588460692887","INTERP + EVENT","INTERP + EVENT","12"
"199-K-11__ITER3","199-K-11","3","Trend_Summary",NA,NA,NA,NA
"199-K-11__ITER4","199-K-11","4","Trend_Summary","0.0072199416469706","INTERP + EVENT","INTERP + EVENT","12"
"199-K-111A__ITER1","199-K-111A","1","Trend_Summary","1.5101775385773e-10","INTERP + EVENT","INTERP + EVENT","42"
"199-K-111A__ITER2","199-K-111A","2","Trend_Summary","0.0359800387759509","INTERP + EVENT","INTERP + EVENT","42"
"199-K-111A__ITER3","199-K-111A","3","Trend_Summary","3.91893073548033e-10","INTERP + EVENT","INTERP + EVENT","42"
"199-K-113A__ITER1","199-K-113A","1","Trend_Summary","5.1296540098944e-06","INTERP + EVENT","INTERP + EVENT","1"
"199-K-113A__ITER2","199-K-113A","2","Trend_Summary","5.60782087433154e-09","INTERP + EVENT","INTERP + EVENT","1"
"199-K-114A__ITER1","199-K-114A","1","Trend_Summary","3.7603156921584e-06","INTERP + EVENT","INTERP + EVENT","0"
"199-K-114A__ITER2","199-K-114A","2","Trend_Summary","6.72338370277803e-06","INTERP + EVENT","INTERP + EVENT","0"
"199-K-115A__ITER1","199-K-115A","1","Trend_Summary","0.00432653890733004","INTERP + EVENT","INTERP + EVENT","16"
"199-K-115A__ITER2","199-K-115A","2","Trend_Summary","0","INTERP + EVENT","INTERP + EVENT","16"
"199-K-116A__ITER1","199-K-116A","1","Trend_Summary","0.00018213860546723","INTERP + EVENT","INTERP + EVENT","2"
"199-K-116A__ITER2","199-K-116A","2","Trend_Summary","0","INTERP + EVENT","INTERP + EVENT","2"
"199-K-117A__ITER1","199-K-117A","1","Trend_Summary",NA,NA,NA,NA
"199-K-117A__ITER2","199-K-117A","2","Trend_Summary","0.00264276403647512","INTERP + EVENT","INTERP + EVENT","1"
"199-K-118A__ITER1","199-K-118A","1","Trend_Summary",NA,NA,NA,NA
"199-K-119A__ITER1","199-K-119A","1","Trend_Summary","0.492140460916595","INTERP + EVENT","INTERP + EVENT","21"
"199-K-119A__ITER2","199-K-119A","2","Trend_Summary",NA,NA,NA,NA
"199-K-120A__ITER1","199-K-120A","1","Trend_Summary","0.0013844461753606","INTERP + EVENT","INTERP + EVENT","15"
"199-K-120A__ITER2","199-K-120A","2","Trend_Summary","3.21964677141295e-14","INTERP + EVENT","INTERP + EVENT","15"
"199-K-125A__ITER1","199-K-125A","1","Trend_Summary","0.55469202663895","INTERP + EVENT","INTERP + EVENT","23"
"199-K-125A__ITER2","199-K-125A","2","Trend_Summary","0.0540957513531939","INTERP + EVENT","INTERP + EVENT","23"
"199-K-126__ITER1","199-K-126","1","Trend_Summary",NA,NA,NA,NA
"199-K-126__ITER2","199-K-126","2","Trend_Summary","1.79449159665168e-06","INTERP + EVENT","INTERP + EVENT","36"
"199-K-127__ITER1","199-K-127","1","Trend_Summary","0.732824746053743","INTERP + EVENT","INTERP + EVENT","24"
"199-K-127__ITER2","199-K-127","2","Trend_Summary","9.73781766444581e-07","INTERP + EVENT","INTERP + EVENT","24"
"199-K-129__ITER1","199-K-129","1","Trend_Summary","0.000119019798884179","INTERP + EVENT","INTERP + EVENT","35"
"199-K-129__ITER2","199-K-129","2","Trend_Summary","1.46123763911099e-06","INTERP + EVENT","INTERP + EVENT","20"
"199-K-130__ITER1","199-K-130","1","Trend_Summary","0.000336872272436395","INTERP + EVENT","INTERP + EVENT","43"
"199-K-130__ITER2","199-K-130","2","Trend_Summary","0","INTERP + EVENT","INTERP + EVENT","43"
"199-K-131__ITER1","199-K-131","1","Trend_Summary","0","INTERP + EVENT","INTERP + EVENT","14"
"199-K-131__ITER2","199-K-131","2","Trend_Summary","0.561508487357227","INTERP + EVENT","INTERP + EVENT","14"
"199-K-132__ITER1","199-K-132","1","Trend_Summary","0","INTERP + EVENT","INTERP + EVENT","1"
"199-K-132__ITER2","199-K-132","2","Trend_Summary","0","INTERP + EVENT","INTERP + EVENT","1"
"199-K-132__ITER3","199-K-132","3","Trend_Summary","0.00307460127826664","INTERP + EVENT","INTERP + EVENT","1"
"199-K-132__ITER4","199-K-132","4","Trend_Summary","0.000376553980600547","INTERP + EVENT","INTERP + EVENT","1"
"199-K-137__ITER1","199-K-137","1","Trend_Summary","3.34623440068071e-11","INTERP + EVENT","INTERP + EVENT","15"
"199-K-137__ITER2","199-K-137","2","Trend_Summary","0","INTERP + EVENT","INTERP + EVENT","15"
"199-K-137__ITER3","199-K-137","3","Trend_Summary","1.70385889008973e-06","INTERP + EVENT","INTERP + EVENT","15"
"199-K-137__ITER4","199-K-137","4","Trend_Summary","0.104751437342287","INTERP + EVENT","INTERP + EVENT","15"
"199-K-138__ITER1","199-K-138","1","Trend_Summary","0","INTERP + EVENT","INTERP + EVENT","0"
"199-K-138__ITER2","199-K-138","2","Trend_Summary",NA,NA,NA,"0"
"199-K-138__ITER3","199-K-138","3","Trend_Summary","0.69891688467687","INTERP + EVENT","INTERP + EVENT","0"
"199-K-139__ITER1","199-K-139","1","Trend_Summary","0","INTERP + EVENT","INTERP + EVENT","10"
"199-K-139__ITER2","199-K-139","2","Trend_Summary",NA,NA,NA,NA
"199-K-139__ITER3","199-K-139","3","Trend_Summary","0.158617255479887","INTERP + EVENT","INTERP + EVENT","10"
"199-K-140__ITER1","199-K-140","1","Trend_Summary","9.794493728843e-06","INTERP + EVENT","INTERP + EVENT","10"
"199-K-140__ITER2","199-K-140","2","Trend_Summary",NA,NA,NA,NA
"199-K-140__ITER3","199-K-140","3","Trend_Summary","0.154947882128398","INTERP + EVENT","INTERP + EVENT","10"
"199-K-141__ITER1","199-K-141","1","Trend_Summary",NA,NA,NA,NA
"199-K-141__ITER2","199-K-141","2","Trend_Summary","0","INTERP + EVENT","INTERP + EVENT","10"
"199-K-142__ITER1","199-K-142","1","Trend_Summary",NA,NA,NA,NA
"199-K-142__ITER2","199-K-142","2","Trend_Summary","0.00181697500225864","INTERP + EVENT","INTERP + EVENT","21"
"199-K-144__ITER1","199-K-144","1","Trend_Summary",NA,NA,NA,NA
"199-K-144__ITER2","199-K-144","2","Trend_Summary","0","INTERP + EVENT","INTERP + EVENT","13"
"199-K-145__ITER1","199-K-145","1","Trend_Summary","2.22044604925031e-16","INTERP + EVENT","INTERP + EVENT","8"
"199-K-145__ITER2","199-K-145","2","Trend_Summary","0","INTERP + EVENT","INTERP + EVENT","0"
"199-K-146__ITER1","199-K-146","1","Trend_Summary","0","INTERP + EVENT","INTERP + EVENT","9"
"199-K-146__ITER2","199-K-146","2","Trend_Summary","0","INTERP + EVENT","INTERP + EVENT","22"
"199-K-147__ITER1","199-K-147","1","Trend_Summary","0","INTERP + EVENT","INTERP + EVENT","61"
"199-K-148__ITER1","199-K-148","1","Trend_Summary","0","INTERP + EVENT","INTERP + EVENT","38"
"199-K-148__ITER2","199-K-148","2","Trend_Summary","0.00012140857600329","INTERP + EVENT","INTERP + EVENT","64"
"199-K-152__ITER1","199-K-152","1","Trend_Summary","0","INTERP + EVENT","INTERP + EVENT","54"
"199-K-152__ITER2","199-K-152","2","Trend_Summary","0.652667693568556","INTERP + EVENT","INTERP + EVENT","54"
"199-K-153__ITER1","199-K-153","1","Trend_Summary","0","EVENT","EVENT","0"
"199-K-153__ITER2","199-K-153","2","Trend_Summary","0.0117010302473262","EVENT","EVENT","0"
"199-K-154__ITER1","199-K-154","1","Trend_Summary","0","INTERP + EVENT","INTERP + EVENT","25"
"199-K-154__ITER2","199-K-154","2","Trend_Summary","0.00101569677383373","INTERP + EVENT","INTERP + EVENT","22"
"199-K-157__ITER1","199-K-157","1","Trend_Summary","0","INTERP + EVENT","INTERP + EVENT","31"
"199-K-157__ITER2","199-K-157","2","Trend_Summary","0.539835313554986","INTERP + EVENT","INTERP + EVENT","31"
"199-K-159__ITER1","199-K-159","1","Trend_Summary","0.00213615945149748","INTERP + EVENT","INTERP + EVENT","10"
"199-K-160__ITER1","199-K-160","1","Trend_Summary","0.000182030096114172","INTERP + EVENT","INTERP + EVENT","9"
"199-K-161__ITER1","199-K-161","1","Trend_Summary","0","INTERP + EVENT","INTERP + EVENT","20"
"199-K-161__ITER2","199-K-161","2","Trend_Summary","0","INTERP + EVENT","INTERP + EVENT","19"
"199-K-162__ITER1","199-K-162","1","Trend_Summary","0","INTERP + EVENT","INTERP + EVENT","18"
"199-K-163__ITER1","199-K-163","1","Trend_Summary","0","INTERP + EVENT","INTERP + EVENT","48"
"199-K-163__ITER2","199-K-163","2","Trend_Summary","3.66005766316846e-06","INTERP + EVENT","INTERP + EVENT","48"
"199-K-165__ITER1","199-K-165","1","Trend_Summary","0","INTERP + EVENT","INTERP + EVENT","8"
"199-K-165__ITER2","199-K-165","2","Trend_Summary","1.04838360215354e-12","INTERP + EVENT","INTERP + EVENT","8"
"199-K-165__ITER3","199-K-165","3","Trend_Summary","0.00623398829078148","INTERP + EVENT","INTERP + EVENT","8"
"199-K-166__ITER1","199-K-166","1","Trend_Summary","0","INTERP + EVENT","INTERP + EVENT","10"
"199-K-166__ITER2","199-K-166","2","Trend_Summary",NA,NA,NA,NA
"199-K-166__ITER3","199-K-166","3","Trend_Summary","1.51878509768721e-13","INTERP + EVENT","INTERP + EVENT","10"
"199-K-168__ITER1","199-K-168","1","Trend_Summary","0","INTERP + EVENT","INTERP + EVENT","5"
"199-K-168__ITER2","199-K-168","2","Trend_Summary",NA,NA,NA,NA
"199-K-168__ITER3","199-K-168","3","Trend_Summary","0.000724445738962687","INTERP + EVENT","INTERP + EVENT","5"
"199-K-171__ITER1","199-K-171","1","Trend_Summary","0","INTERP + EVENT","INTERP + EVENT","48"
"199-K-171__ITER2","199-K-171","2","Trend_Summary","0.912372128524451","INTERP + EVENT","INTERP + EVENT","87"
"199-K-174__ITER1","199-K-174","1","Trend_Summary",NA,NA,NA,NA
"199-K-174__ITER2","199-K-174","2","Trend_Summary",NA,NA,NA,NA
"199-K-174__ITER3","199-K-174","3","Trend_Summary",NA,NA,NA,NA
"199-K-174__ITER4","199-K-174","4","Trend_Summary","0.025803865098856","INTERP + EVENT","INTERP + EVENT","28"
"199-K-175__ITER1","199-K-175","1","Trend_Summary",NA,NA,NA,NA
"199-K-175__ITER2","199-K-175","2","Trend_Summary",NA,NA,NA,NA
"199-K-175__ITER3","199-K-175","3","Trend_Summary",NA,NA,NA,NA
"199-K-175__ITER4","199-K-175","4","Trend_Summary","0.0105130311428266","INTERP + EVENT","INTERP + EVENT","34"
"199-K-178__ITER1","199-K-178","1","Trend_Summary","0","INTERP + EVENT","INTERP + EVENT","4"
"199-K-178__ITER2","199-K-178","2","Trend_Summary","0.196707775337274","INTERP + EVENT","INTERP + EVENT","1"
"199-K-18__ITER1","199-K-18","1","Trend_Summary","0.150062148838976","INTERP + EVENT","INTERP + EVENT","16"
"199-K-18__ITER2","199-K-18","2","Trend_Summary","0","INTERP + EVENT","INTERP + EVENT","16"
"199-K-181__ITER1","199-K-181","1","Trend_Summary","5.32762722826874e-12","INTERP + EVENT","INTERP + EVENT","1"
"199-K-182__ITER1","199-K-182","1","Trend_Summary","0","INTERP + EVENT","INTERP + EVENT","50"
"199-K-183__ITER1","199-K-183","1","Trend_Summary","0.0552261164210446","INTERP + EVENT","INTERP + EVENT","7"
"199-K-183__ITER2","199-K-183","2","Trend_Summary",NA,NA,NA,NA
"199-K-183__ITER3","199-K-183","3","Trend_Summary","0.613787911806979","INTERP + EVENT","INTERP + EVENT","7"
"199-K-184__ITER1","199-K-184","1","Trend_Summary","1.21322945321189e-05","EVENT","EVENT","0"
"199-K-184__ITER2","199-K-184","2","Trend_Summary",NA,NA,NA,NA
"199-K-184__ITER3","199-K-184","3","Trend_Summary","0.591903518969922","EVENT","EVENT","0"
"199-K-185__ITER1","199-K-185","1","Trend_Summary","0.0772844526852843","INTERP + EVENT","INTERP + EVENT","1"
"199-K-185__ITER2","199-K-185","2","Trend_Summary","0.699140274222308","INTERP + EVENT","INTERP + EVENT","1"
"199-K-185__ITER3","199-K-185","3","Trend_Summary","0.178040023072959","INTERP + EVENT","INTERP + EVENT","1"
"199-K-187__ITER1","199-K-187","1","Trend_Summary","0.983319812739358","EVENT","EVENT","0"
"199-K-188__ITER1","199-K-188","1","Trend_Summary","0.00186598884939193","EVENT","EVENT","0"
"199-K-188__ITER2","199-K-188","2","Trend_Summary","0.025559543419102","EVENT","EVENT","0"
"199-K-189__ITER1","199-K-189","1","Trend_Summary","0.0256058452621848","EVENT","EVENT","0"
"199-K-189__ITER2","199-K-189","2","Trend_Summary","7.65326343410422e-08","EVENT","EVENT","0"
"199-K-19__ITER1","199-K-19","1","Trend_Summary",NA,NA,NA,NA
"199-K-19__ITER2","199-K-19","2","Trend_Summary","3.32314790019161e-07","INTERP + EVENT","INTERP + EVENT","20"
"199-K-190__ITER1","199-K-190","1","Trend_Summary","0","INTERP + EVENT","INTERP + EVENT","7"
"199-K-191__ITER1","199-K-191","1","Trend_Summary","4.73714438862238e-05","EVENT","EVENT","0"
"199-K-192__ITER1","199-K-192","1","Trend_Summary","0.0453802636551308","EVENT","EVENT","0"
"199-K-193__ITER1","199-K-193","1","Trend_Summary","0.0758561149178","EVENT","EVENT","0"
"199-K-193__ITER2","199-K-193","2","Trend_Summary","2.22044604925031e-16","EVENT","EVENT","0"
"199-K-194__ITER1","199-K-194","1","Trend_Summary","2.82101619863973e-06","EVENT","EVENT","0"
"199-K-196__ITER1","199-K-196","1","Trend_Summary","0.000184838312161428","INTERP + EVENT","INTERP + EVENT","0"
"199-K-196__ITER2","199-K-196","2","Trend_Summary",NA,NA,NA,"0"
"199-K-196__ITER3","199-K-196","3","Trend_Summary","0.000412527310225896","INTERP + EVENT","INTERP + EVENT","0"
"199-K-197__ITER1","199-K-197","1","Trend_Summary","9.18695363005817e-07","INTERP + EVENT","INTERP + EVENT","10"
"199-K-198__ITER1","199-K-198","1","Trend_Summary","5.26892427799019e-07","INTERP + EVENT","INTERP + EVENT","2"
"199-K-199__ITER1","199-K-199","1","Trend_Summary","2.35976738149901e-09","INTERP + EVENT","INTERP + EVENT","72"
"199-K-20__ITER1","199-K-20","1","Trend_Summary","0.282600965738949","INTERP + EVENT","INTERP + EVENT","8"
"199-K-20__ITER2","199-K-20","2","Trend_Summary",NA,NA,NA,NA
"199-K-200__ITER1","199-K-200","1","Trend_Summary","2.0556737423405e-09","INTERP + EVENT","INTERP + EVENT","42"
"199-K-201__ITER1","199-K-201","1","Trend_Summary","0","INTERP + EVENT","INTERP + EVENT","10"
"199-K-202__ITER1","199-K-202","1","Trend_Summary","0.00144541200683856","INTERP + EVENT","INTERP + EVENT","21"
"199-K-203__ITER1","199-K-203","1","Trend_Summary","0.686886315867959","INTERP + EVENT","INTERP + EVENT","44"
"199-K-204__ITER1","199-K-204","1","Trend_Summary",NA,NA,NA,NA
"199-K-204__ITER2","199-K-204","2","Trend_Summary","0.250094095279674","INTERP + EVENT","INTERP + EVENT","12"
"199-K-204__ITER3","199-K-204","3","Trend_Summary","0.492880005693791","INTERP + EVENT","INTERP + EVENT","12"
"199-K-205__ITER1","199-K-205","1","Trend_Summary","0","INTERP + EVENT","INTERP + EVENT","24"
"199-K-205__ITER2","199-K-205","2","Trend_Summary","1.00594794716358e-08","INTERP + EVENT","INTERP + EVENT","24"
"199-K-205__ITER3","199-K-205","3","Trend_Summary","2.2381096975721e-11","INTERP + EVENT","INTERP + EVENT","24"
"199-K-205__ITER4","199-K-205","4","Trend_Summary","3.00870439673417e-14","INTERP + EVENT","INTERP + EVENT","24"
"199-K-206__ITER1","199-K-206","1","Trend_Summary",NA,NA,NA,NA
"199-K-206__ITER2","199-K-206","2","Trend_Summary",NA,NA,NA,NA
"199-K-206__ITER3","199-K-206","3","Trend_Summary","0.00904999374055637","INTERP + EVENT","INTERP + EVENT","25"
"199-K-207__ITER1","199-K-207","1","Trend_Summary","2.87209085403362e-08","INTERP + EVENT","INTERP + EVENT","32"
"199-K-208__ITER1","199-K-208","1","Trend_Summary","2.47840103995145e-09","INTERP + EVENT","INTERP + EVENT","7"
"199-K-209__ITER1","199-K-209","1","Trend_Summary","0.624022463424119","INTERP + EVENT","INTERP + EVENT","78"
"199-K-21__ITER1","199-K-21","1","Trend_Summary",NA,NA,NA,NA
"199-K-21__ITER2","199-K-21","2","Trend_Summary","0.000283757290857833","INTERP + EVENT","INTERP + EVENT","6"
"199-K-210__ITER1","199-K-210","1","Trend_Summary","0","INTERP + EVENT","INTERP + EVENT","85"
"199-K-212__ITER1","199-K-212","1","Trend_Summary","4.05029165762016e-09","INTERP + EVENT","INTERP + EVENT","66"
"199-K-212__ITER2","199-K-212","2","Trend_Summary","0.0867917979482875","INTERP + EVENT","INTERP + EVENT","24"
"199-K-22__ITER1","199-K-22","1","Trend_Summary",NA,NA,NA,NA
"199-K-22__ITER2","199-K-22","2","Trend_Summary","0","INTERP + EVENT","INTERP + EVENT","9"
"199-K-220__ITER1","199-K-220","1","Trend_Summary","0","INTERP + EVENT","INTERP + EVENT","89"
"199-K-221__ITER1","199-K-221","1","Trend_Summary","0.936771879083307","INTERP + EVENT","INTERP + EVENT","46"
"199-K-222__ITER1","199-K-222","1","Trend_Summary","0.600917055077923","INTERP + EVENT","INTERP + EVENT","49"
"199-K-223__ITER1","199-K-223","1","Trend_Summary",NA,NA,NA,NA
"199-K-223__ITER2","199-K-223","2","Trend_Summary","0.533496947794968","INTERP + EVENT","INTERP + EVENT","20"
"199-K-223__ITER3","199-K-223","3","Trend_Summary","0.0685357685844874","INTERP + EVENT","INTERP + EVENT","20"
"199-K-224__ITER1","199-K-224","1","Trend_Summary",NA,NA,NA,NA
"199-K-224__ITER2","199-K-224","2","Trend_Summary","0.0221373321826449","INTERP + EVENT","INTERP + EVENT","13"
"199-K-224__ITER3","199-K-224","3","Trend_Summary","0.0403519784277953","INTERP + EVENT","INTERP + EVENT","13"
"199-K-225__ITER1","199-K-225","1","Trend_Summary","0.00272497968511465","INTERP + EVENT","INTERP + EVENT","47"
"199-K-226__ITER1","199-K-226","1","Trend_Summary","0","INTERP + EVENT","INTERP + EVENT","71"
"199-K-227__ITER1","199-K-227","1","Trend_Summary","0.000554594117123886","INTERP + EVENT","INTERP + EVENT","28"
"199-K-228__ITER1","199-K-228","1","Trend_Summary","0.0912546342439831","INTERP + EVENT","INTERP + EVENT","46"
"199-K-229__ITER1","199-K-229","1","Trend_Summary",NA,NA,NA,NA
"199-K-229__ITER2","199-K-229","2","Trend_Summary",NA,NA,NA,NA
"199-K-229__ITER3","199-K-229","3","Trend_Summary",NA,NA,NA,NA
"199-K-230__ITER1","199-K-230","1","Trend_Summary",NA,NA,NA,NA
"199-K-230__ITER2","199-K-230","2","Trend_Summary",NA,NA,NA,NA
"199-K-230__ITER3","199-K-230","3","Trend_Summary","0.742405146379176","INTERP + EVENT","INTERP + EVENT","17"
"199-K-231__ITER1","199-K-231","1","Trend_Summary","0.00187282320354554","INTERP + EVENT","INTERP + EVENT","34"
"199-K-232__ITER1","199-K-232","1","Trend_Summary","0.0183442222894612","INTERP + EVENT","INTERP + EVENT","12"
"199-K-233__ITER1","199-K-233","1","Trend_Summary","0.173504054142034","INTERP + EVENT","INTERP + EVENT","79"
"199-K-234__ITER1","199-K-234","1","Trend_Summary","9.67121538575366e-06","INTERP + EVENT","INTERP + EVENT","31"
"199-K-235__ITER1","199-K-235","1","Trend_Summary",NA,NA,NA,NA
"199-K-235__ITER2","199-K-235","2","Trend_Summary",NA,NA,NA,NA
"199-K-235__ITER3","199-K-235","3","Trend_Summary","0.000406038853077439","INTERP + EVENT","INTERP + EVENT","29"
"199-K-236__ITER1","199-K-236","1","Trend_Summary",NA,NA,NA,NA
"199-K-236__ITER2","199-K-236","2","Trend_Summary",NA,NA,NA,NA
"199-K-236__ITER3","199-K-236","3","Trend_Summary","1.99840144432528e-15","INTERP + EVENT","INTERP + EVENT","24"
"199-K-238__ITER1","199-K-238","1","Trend_Summary","3.47472329442766e-06","INTERP + EVENT","INTERP + EVENT","23"
"199-K-239__ITER1","199-K-239","1","Trend_Summary","0.000304012174552226","INTERP + EVENT","INTERP + EVENT","15"
"199-K-240__ITER1","199-K-240","1","Trend_Summary","0","INTERP + EVENT","INTERP + EVENT","89"
"199-K-242__ITER1","199-K-242","1","Trend_Summary","0.112291815313608","INTERP + EVENT","INTERP + EVENT","10"
"199-K-31__ITER1","199-K-31","1","Trend_Summary","0.093560406800767","INTERP + EVENT","INTERP + EVENT","0"
"199-K-31__ITER2","199-K-31","2","Trend_Summary",NA,NA,NA,"0"
"199-K-31__ITER3","199-K-31","3","Trend_Summary","0.0204578061080934","INTERP + EVENT","INTERP + EVENT","0"
"199-K-32A__ITER1","199-K-32A","1","Trend_Summary",NA,NA,NA,NA
"199-K-32A__ITER2","199-K-32A","2","Trend_Summary","5.58050429200208e-08","INTERP + EVENT","INTERP + EVENT","15"
"199-K-32B__ITER1","199-K-32B","1","Trend_Summary",NA,NA,NA,NA
"199-K-32B__ITER2","199-K-32B","2","Trend_Summary","0.00189955052370383","EVENT","EVENT","0"
"199-K-34__ITER1","199-K-34","1","Trend_Summary",NA,NA,NA,NA
"199-K-34__ITER2","199-K-34","2","Trend_Summary","0.000637371717022273","INTERP + EVENT","INTERP + EVENT","10"
"199-K-34__ITER3","199-K-34","3","Trend_Summary","0.0535186131991069","INTERP + EVENT","INTERP + EVENT","10"
"199-K-34__ITER4","199-K-34","4","Trend_Summary","0.695939429711906","INTERP + EVENT","INTERP + EVENT","10"
"199-K-36__ITER1","199-K-36","1","Trend_Summary","0.533418373585961","INTERP + EVENT","INTERP + EVENT","34"
"199-K-36__ITER2","199-K-36","2","Trend_Summary",NA,NA,NA,"34"
"199-K-36__ITER3","199-K-36","3","Trend_Summary",NA,NA,NA,NA
"199-K-36__ITER4","199-K-36","4","Trend_Summary","0","INTERP + EVENT","INTERP + EVENT","34"
"199-K-37__ITER1","199-K-37","1","Trend_Summary",NA,NA,NA,NA
"199-K-37__ITER2","199-K-37","2","Trend_Summary","5.2953109119791e-08","INTERP + EVENT","INTERP + EVENT","16"
"36-M__ITER1","36-M","1","Trend_Summary",NA,NA,NA,NA
"36-M__ITER2","36-M","2","Trend_Summary","0.018791124974354","INTERP + EVENT","INTERP + EVENT","2"
"38-M__ITER1","38-M","1","Trend_Summary",NA,NA,NA,NA
"38-M__ITER2","38-M","2","Trend_Summary","0.0518633110058843","INTERP + EVENT","INTERP + EVENT","73"
"43-M__ITER1","43-M","1","Trend_Summary",NA,NA,NA,NA
"43-M__ITER2","43-M","2","Trend_Summary","0.000229490314821779","INTERP + EVENT","INTERP + EVENT","9"
"45-M__ITER1","45-M","1","Trend_Summary",NA,NA,NA,NA
"45-M__ITER2","45-M","2","Trend_Summary",NA,NA,NA,NA
"47-D__ITER1","47-D","1","Trend_Summary",NA,NA,NA,NA
"47-D__ITER2","47-D","2","Trend_Summary","0.000650108443530861","INTERP + EVENT","INTERP + EVENT","86"
"47-M__ITER1","47-M","1","Trend_Summary",NA,NA,NA,NA
"47-M__ITER2","47-M","2","Trend_Summary","0.00894015547464255","INTERP + EVENT","INTERP + EVENT","1"
"48-M__ITER1","48-M","1","Trend_Summary",NA,NA,NA,NA
"48-M__ITER2","48-M","2","Trend_Summary","0.0281695045271242","INTERP + EVENT","INTERP + EVENT","43"
"50-M__ITER1","50-M","1","Trend_Summary",NA,NA,NA,NA
"50-M__ITER2","50-M","2","Trend_Summary","0.104730564495861","INTERP + EVENT","INTERP + EVENT","33"
"52-D__ITER1","52-D","1","Trend_Summary",NA,NA,NA,NA
"52-D__ITER2","52-D","2","Trend_Summary",NA,NA,NA,NA
"54-M__ITER1","54-M","1","Trend_Summary",NA,NA,NA,NA
"54-M__ITER2","54-M","2","Trend_Summary",NA,NA,NA,NA
"699-100-43B__ITER1","699-100-43B","1","Trend_Summary","0.0161205696309424","INTERP + EVENT","INTERP + EVENT","0"
"699-100-43B__ITER2","699-100-43B","2","Trend_Summary",NA,NA,NA,"0"
"699-101-48B__ITER1","699-101-48B","1","Trend_Summary",NA,NA,NA,"0"
"699-73-61__ITER1","699-73-61","1","Trend_Summary",NA,NA,NA,NA
"699-88-41__ITER1","699-88-41","1","Trend_Summary",NA,NA,NA,"0"
"699-88-41__ITER2","699-88-41","2","Trend_Summary","0.0390274283163261","INTERP + EVENT","INTERP + EVENT","0"
"699-88-41A__ITER1","699-88-41A","1","Trend_Summary","7.14138415069954e-10","INTERP + EVENT","INTERP + EVENT","4"
"699-89-35__ITER1","699-89-35","1","Trend_Summary",NA,NA,NA,"0"
"699-89-35__ITER2","699-89-35","2","Trend_Summary","5.74038560874346e-06","INTERP + EVENT","INTERP + EVENT","0"
"699-90-37B__ITER1","699-90-37B","1","Trend_Summary","0.00139768719739997","INTERP + EVENT","INTERP + EVENT","37"
"699-93-37A__ITER1","699-93-37A","1","Trend_Summary","0.000180876230937321","INTERP + EVENT","INTERP + EVENT","22"
"699-94-41__ITER1","699-94-41","1","Trend_Summary","1.95189117443428e-05","INTERP + EVENT","INTERP + EVENT","90"
"699-94-41__ITER2","699-94-41","2","Trend_Summary","5.58540694558518e-05","INTERP + EVENT","INTERP + EVENT","90"
"699-94-43__ITER1","699-94-43","1","Trend_Summary","0.23933205357042","INTERP + EVENT","INTERP + EVENT","0"
"699-94-43__ITER2","699-94-43","2","Trend_Summary","8.56203996590921e-13","INTERP + EVENT","INTERP + EVENT","0"
"699-95-45__ITER1","699-95-45","1","Trend_Summary","4.10478878665188e-08","INTERP + EVENT","INTERP + EVENT","58"
"699-95-45__ITER2","699-95-45","2","Trend_Summary","9.19141707189652e-09","INTERP + EVENT","INTERP + EVENT","58"
"699-95-45__ITER3","699-95-45","3","Trend_Summary","0.142322744366339","INTERP + EVENT","INTERP + EVENT","58"
"699-95-45C__ITER1","699-95-45C","1","Trend_Summary",NA,NA,NA,NA
"699-95-46__ITER1","699-95-46","1","Trend_Summary",NA,NA,NA,NA
"699-95-48__ITER1","699-95-48","1","Trend_Summary","0.0482446910589476","INTERP + EVENT","INTERP + EVENT","77"
"699-95-48__ITER2","699-95-48","2","Trend_Summary","0","INTERP + EVENT","INTERP + EVENT","77"
"699-95-48B__ITER1","699-95-48B","1","Trend_Summary","1.17398663591617e-05","EVENT","EVENT","0"
"699-95-48C__ITER1","699-95-48C","1","Trend_Summary","0.00183507613068135","EVENT","EVENT","0"
"699-95-51__ITER1","699-95-51","1","Trend_Summary","0.00410864493474961","INTERP + EVENT","INTERP + EVENT","24"
"699-95-51__ITER2","699-95-51","2","Trend_Summary","3.63807928227544e-09","INTERP + EVENT","INTERP + EVENT","24"
"699-96-42B__ITER1","699-96-42B","1","Trend_Summary",NA,NA,NA,NA
"699-96-52B__ITER1","699-96-52B","1","Trend_Summary","0.0101409392230115","INTERP + EVENT","INTERP + EVENT","1"
"699-96-52B__ITER2","699-96-52B","2","Trend_Summary","5.99065241857488e-11","INTERP + EVENT","INTERP + EVENT","1"
"699-97-41__ITER1","699-97-41","1","Trend_Summary","2.49569894306134e-06","INTERP + EVENT","INTERP + EVENT","30"
"699-97-41__ITER2","699-97-41","2","Trend_Summary","0.0191882284179927","INTERP + EVENT","INTERP + EVENT","30"
"699-97-43B__ITER1","699-97-43B","1","Trend_Summary","8.00308357939983e-06","INTERP + EVENT","INTERP + EVENT","80"
"699-97-43B__ITER2","699-97-43B","2","Trend_Summary","3.18878005767242e-06","INTERP + EVENT","INTERP + EVENT","80"
"699-97-43C__ITER1","699-97-43C","1","Trend_Summary",NA,NA,NA,NA
"699-97-43C__ITER2","699-97-43C","2","Trend_Summary",NA,NA,NA,NA
"699-97-45__ITER1","699-97-45","1","Trend_Summary","0.00937277447605933","INTERP + EVENT","INTERP + EVENT","63"
"699-97-45__ITER2","699-97-45","2","Trend_Summary","5.20681593418892e-06","INTERP + EVENT","INTERP + EVENT","63"
"699-97-45B__ITER1","699-97-45B","1","Trend_Summary",NA,NA,NA,NA
"699-97-45B__ITER2","699-97-45B","2","Trend_Summary","0.000212956477703918","EVENT","EVENT","0"
"699-97-47B__ITER1","699-97-47B","1","Trend_Summary","4.27569424310548e-10","INTERP + EVENT","INTERP + EVENT","32"
"699-97-47D__ITER1","699-97-47D","1","Trend_Summary",NA,NA,NA,NA
"699-97-48B__ITER1","699-97-48B","1","Trend_Summary","0.0186570400821728","INTERP + EVENT","INTERP + EVENT","28"
"699-97-48B__ITER2","699-97-48B","2","Trend_Summary","6.48476706444079e-07","INTERP + EVENT","INTERP + EVENT","28"
"699-97-48C__ITER1","699-97-48C","1","Trend_Summary","0.0536949622461258","EVENT","EVENT","0"
"699-97-48C__ITER2","699-97-48C","2","Trend_Summary","1.03982867649677e-07","EVENT","EVENT","0"
"699-97-51A__ITER1","699-97-51A","1","Trend_Summary",NA,NA,NA,NA
"699-97-51A__ITER2","699-97-51A","2","Trend_Summary","0.000100977691816717","INTERP + EVENT","INTERP + EVENT","16"
"699-97-60__ITER1","699-97-60","1","Trend_Summary","0.0023687734779072","EVENT","EVENT","0"
"699-97-61__ITER1","699-97-61","1","Trend_Summary","0","EVENT","EVENT","0"
"699-98-43__ITER1","699-98-43","1","Trend_Summary","0.0332207641591631","INTERP + EVENT","INTERP + EVENT","27"
"699-98-43__ITER2","699-98-43","2","Trend_Summary","8.81068006330921e-08","INTERP + EVENT","INTERP + EVENT","27"
"699-98-46__ITER1","699-98-46","1","Trend_Summary","0.0254615064211331","INTERP + EVENT","INTERP + EVENT","28"
"699-98-46__ITER2","699-98-46","2","Trend_Summary","1.58468793642896e-11","INTERP + EVENT","INTERP + EVENT","28"
"699-98-49A__ITER1","699-98-49A","1","Trend_Summary",NA,NA,NA,NA
"699-98-49A__ITER2","699-98-49A","2","Trend_Summary",NA,NA,NA,NA
"699-98-50__ITER1","699-98-50","1","Trend_Summary","0.00399459452325779","EVENT","EVENT","0"
"699-98-51__ITER1","699-98-51","1","Trend_Summary","0.0505523413034963","INTERP + EVENT","INTERP + EVENT","6"
"699-98-51__ITER2","699-98-51","2","Trend_Summary","0.000264706277053328","INTERP + EVENT","INTERP + EVENT","6"
"699-99-41__ITER1","699-99-41","1","Trend_Summary","0.0026388659709079","INTERP + EVENT","INTERP + EVENT","0"
"699-99-41__ITER2","699-99-41","2","Trend_Summary","0.000439681553224047","INTERP + EVENT","INTERP + EVENT","0"
"699-99-42B__ITER1","699-99-42B","1","Trend_Summary","0.00187671076093776","INTERP + EVENT","INTERP + EVENT","1"
"699-99-42B__ITER2","699-99-42B","2","Trend_Summary",NA,NA,NA,NA
"699-99-44__ITER1","699-99-44","1","Trend_Summary","0.0127173657360888","INTERP + EVENT","INTERP + EVENT","9"
"699-99-44__ITER2","699-99-44","2","Trend_Summary","1.91304067292952e-05","INTERP + EVENT","INTERP + EVENT","9"
"AT-D-1-M__ITER1","AT-D-1-M","1","Trend_Summary",NA,NA,NA,NA
"AT-D-4-D__ITER1","AT-D-4-D","1","Trend_Summary",NA,NA,NA,NA
"AT-D-4-D__ITER2","AT-D-4-D","2","Trend_Summary",NA,NA,NA,NA
"AT-H-2-D__ITER1","AT-H-2-D","1","Trend_Summary",NA,NA,NA,NA
"AT-H-2-D__ITER2","AT-H-2-D","2","Trend_Summary","0.000354620091130076","INTERP + EVENT","INTERP + EVENT","48"
"AT-H-3-D__ITER1","AT-H-3-D","1","Trend_Summary",NA,NA,NA,NA
"AT-H-3-D__ITER2","AT-H-3-D","2","Trend_Summary","0.00632702702984356","INTERP + EVENT","INTERP + EVENT","73"
"AT-K-1-D__ITER1","AT-K-1-D","1","Trend_Summary","0.00136145170957402","INTERP + EVENT","INTERP + EVENT","60"
"AT-K-1-D__ITER2","AT-K-1-D","2","Trend_Summary",NA,NA,NA,NA
"AT-K-1-D__ITER3","AT-K-1-D","3","Trend_Summary","0.194881351430558","INTERP + EVENT","INTERP + EVENT","12"
"AT-K-2-D__ITER1","AT-K-2-D","1","Trend_Summary",NA,NA,NA,NA
"AT-K-3-D__ITER1","AT-K-3-D","1","Trend_Summary","0.000253717793678332","INTERP + EVENT","INTERP + EVENT","0"
"AT-K-3-M__ITER1","AT-K-3-M","1","Trend_Summary","3.37101557277286e-05","INTERP + EVENT","INTERP + EVENT","2"
"AT-K-4-M__ITER1","AT-K-4-M","1","Trend_Summary",NA,NA,NA,NA
"AT-K-5-D__ITER1","AT-K-5-D","1","Trend_Summary","0.00655807780306716","INTERP + EVENT","INTERP + EVENT","35"
"C5633__ITER1","C5633","1","Trend_Summary",NA,NA,NA,NA
"C5633__ITER2","C5633","2","Trend_Summary","4.28918213168927e-08","INTERP + EVENT","INTERP + EVENT","12"
"C5636__ITER1","C5636","1","Trend_Summary",NA,NA,NA,NA
"C5636__ITER2","C5636","2","Trend_Summary","0.303293878672257","INTERP + EVENT","INTERP + EVENT","1"
"C5638__ITER1","C5638","1","Trend_Summary",NA,NA,NA,NA
"C5638__ITER2","C5638","2","Trend_Summary","0.231691212694697","INTERP + EVENT","INTERP + EVENT","48"
"C5641__ITER1","C5641","1","Trend_Summary",NA,NA,NA,NA
"C5641__ITER2","C5641","2","Trend_Summary","0.0260581994704375","INTERP + EVENT","INTERP + EVENT","49"
"C5678__ITER1","C5678","1","Trend_Summary",NA,NA,NA,NA
"C5678__ITER2","C5678","2","Trend_Summary",NA,NA,NA,NA
"C5682__ITER1","C5682","1","Trend_Summary",NA,NA,NA,NA
"C5682__ITER2","C5682","2","Trend_Summary",NA,NA,NA,NA
"C6238__ITER1","C6238","1","Trend_Summary","0.123124928993421","INTERP + EVENT","INTERP + EVENT","4"
"C6238__ITER2","C6238","2","Trend_Summary",NA,NA,NA,NA
"C6238__ITER3","C6238","3","Trend_Summary","0.421487299344973","INTERP + EVENT","INTERP + EVENT","32"
"C6241__ITER1","C6241","1","Trend_Summary","0.277426588074711","INTERP + EVENT","INTERP + EVENT","61"
"C6241__ITER2","C6241","2","Trend_Summary",NA,NA,NA,NA
"C6241__ITER3","C6241","3","Trend_Summary","0.00717712553240979","INTERP + EVENT","INTERP + EVENT","14"
"C6244__ITER1","C6244","1","Trend_Summary",NA,NA,NA,NA
"C6246__ITER1","C6246","1","Trend_Summary","2.87424939038328e-06","INTERP + EVENT","INTERP + EVENT","1"
"C6250__ITER1","C6250","1","Trend_Summary","3.17345195677277e-08","INTERP + EVENT","INTERP + EVENT","58"
"C6253__ITER1","C6253","1","Trend_Summary","6.80914738948601e-06","INTERP + EVENT","INTERP + EVENT","22"
"C6254__ITER1","C6254","1","Trend_Summary",NA,NA,NA,NA
"C6256__ITER1","C6256","1","Trend_Summary","0.00144606217845367","INTERP + EVENT","INTERP + EVENT","65"
"C6258__ITER1","C6258","1","Trend_Summary",NA,NA,NA,NA
"C6260__ITER1","C6260","1","Trend_Summary",NA,NA,NA,NA
"C6272__ITER1","C6272","1","Trend_Summary",NA,NA,NA,NA
"C6272__ITER2","C6272","2","Trend_Summary",NA,NA,NA,NA
"C6293__ITER1","C6293","1","Trend_Summary",NA,NA,NA,NA
"C6293__ITER2","C6293","2","Trend_Summary",NA,NA,NA,NA
"C6301__ITER1","C6301","1","Trend_Summary",NA,NA,NA,NA
"C6301__ITER2","C6301","2","Trend_Summary",NA,NA,NA,NA
"C6334__ITER1","C6334","1","Trend_Summary",NA,NA,NA,NA
"C6334__ITER2","C6334","2","Trend_Summary","0.0186720493625253","INTERP + EVENT","INTERP + EVENT","8"
"C7642__ITER1","C7642","1","Trend_Summary",NA,NA,NA,NA
"C7642__ITER2","C7642","2","Trend_Summary",NA,NA,NA,NA
"C7642__ITER3","C7642","3","Trend_Summary",NA,NA,NA,NA
"C7647__ITER1","C7647","1","Trend_Summary",NA,NA,NA,NA
"C7647__ITER2","C7647","2","Trend_Summary","0.03806338649894","INTERP + EVENT","INTERP + EVENT","48"
"C7649__ITER1","C7649","1","Trend_Summary",NA,NA,NA,NA
"C7649__ITER2","C7649","2","Trend_Summary","0.163086076226869","INTERP + EVENT","INTERP + EVENT","9"
"C7650__ITER1","C7650","1","Trend_Summary",NA,NA,NA,NA
"C7650__ITER2","C7650","2","Trend_Summary","2.98058116854349e-07","INTERP + EVENT","INTERP + EVENT","0"
"D0218__ITER1","D0218","1","Trend_Summary","0.0138552434363832","INTERP + EVENT","INTERP + EVENT","8"
"D0219__ITER1","D0219","1","Trend_Summary","0.13640734243452","INTERP + EVENT","INTERP + EVENT","49"
"DD-10-3__ITER1","DD-10-3","1","Trend_Summary",NA,NA,NA,NA
"DD-12-2__ITER1","DD-12-2","1","Trend_Summary","0.131200975793385","INTERP + EVENT","INTERP + EVENT","14"
"DD-15-3__ITER1","DD-15-3","1","Trend_Summary",NA,NA,NA,NA
"DD-15-3__ITER2","DD-15-3","2","Trend_Summary","0.0636137864411702","INTERP + EVENT","INTERP + EVENT","4"
"DD-16-4__ITER1","DD-16-4","1","Trend_Summary",NA,NA,NA,NA
"DD-16-4__ITER2","DD-16-4","2","Trend_Summary","1.25605844170096e-06","INTERP + EVENT","INTERP + EVENT","16"
"DD-17-2__ITER1","DD-17-2","1","Trend_Summary",NA,NA,NA,NA
"DD-17-2__ITER2","DD-17-2","2","Trend_Summary","0.000206359478656104","INTERP + EVENT","INTERP + EVENT","60"
"DD-41-3__ITER1","DD-41-3","1","Trend_Summary","0.000224875343255437","INTERP + EVENT","INTERP + EVENT","19"
"DD-41-3__ITER2","DD-41-3","2","Trend_Summary",NA,NA,NA,NA
"DD-44-4__ITER1","DD-44-4","1","Trend_Summary","8.19728100133199e-05","INTERP + EVENT","INTERP + EVENT","27"
"DD-44-4__ITER2","DD-44-4","2","Trend_Summary",NA,NA,NA,NA
"DD-49-3__ITER1","DD-49-3","1","Trend_Summary",NA,NA,NA,NA
"DD-49-3__ITER2","DD-49-3","2","Trend_Summary","0.00163834839911237","INTERP + EVENT","INTERP + EVENT","50"
"DD-50-3__ITER1","DD-50-3","1","Trend_Summary",NA,NA,NA,NA
"DD-50-3__ITER2","DD-50-3","2","Trend_Summary","0.109674752220303","INTERP + EVENT","INTERP + EVENT","50"
"DD-50-4__ITER1","DD-50-4","1","Trend_Summary",NA,NA,NA,NA
"DD-50-4__ITER2","DD-50-4","2","Trend_Summary","0.0814346233507841","INTERP + EVENT","INTERP + EVENT","6"
"DK-04-3__ITER1","DK-04-3","1","Trend_Summary",NA,NA,NA,NA
"Redox-1-6.0__ITER1","Redox-1-6.0","1","Trend_Summary",NA,NA,NA,NA
"Redox-1-6.0__ITER2","Redox-1-6.0","2","Trend_Summary",NA,NA,NA,NA
"Redox-3-3.3__ITER1","Redox-3-3.3","1","Trend_Summary",NA,NA,NA,NA
"Redox-3-3.3__ITER2","Redox-3-3.3","2","Trend_Summary",NA,NA,NA,NA
